{
    "avatars": "https://svelte.dev/repl/1a5f5b06b1944e42ade1edd10f63e3e8?version=3.16.5",
    "badges": "https://svelte.dev/repl/9c456fbab918432098d5638a9486d27a?version=3.16.5",
    "buttons": "https://svelte.dev/repl/719f9984592e4ceaacf0a2f7f0356d6a?version=3.16.5",
    "cards": "https://svelte.dev/repl/1b39390270f84855bc1bdfa386452979?version=3.16.5",
    "checkboxes": "https://svelte.dev/repl/b9f74f5ff760476696b3c813bbb53f10?version=3.16.5",
    "chips": "https://svelte.dev/repl/7d55304ef485403f963603e1469633d4?version=3.16.5",
    "datetime": "https://svelte.dev/repl/0af650335e2e4081977bd3b531c793ec?version=3.16.5",
    "fabs": "https://svelte.dev/repl/c18e0c710da44ac5b6171b9c121e5689?version=3.16.5",
    "grid": "https://svelte.dev/repl/d8eabe044e4a4fbea56583634994ebde?version=3.16.5",
    "icons": "https://svelte.dev/repl/1c7e85677f97469db9d12fc5b26804e9?version=3.16.5",
    "infinitescroll": "https://svelte.dev/repl/1c7e85677f97469db9d12fc5b26804e9?version=3.16.5",
    "inputs": "https://svelte.dev/repl/ecb2649c5cfc4ca296eae211a93231b9?version=3.16.5",
    "items": "https://svelte.dev/repl/bdd8367cfcc94c09a0ddaf215d92d3db?version=3.16.5",
    "lists": "https://svelte.dev/repl/9554e6aef6bb4d7eb5483a034ae25606?version=3.16.5",
    "nav": "https://svelte.dev/repl/07f7bf3a3cae41e797f10b5f7daf76c1?version=3.16.5",
    "notes": "https://svelte.dev/repl/ee042b3727124caf82259d5f8a48547a?version=3.16.5",
    "progressbar": "https://svelte.dev/repl/0201bd7839de477ba401e89c187026d1?version=3.16.5",
    "radios": "https://svelte.dev/repl/e3e00a76cda1400bbec94c158ee89b10?version=3.16.5",
    "range": "https://svelte.dev/repl/56df7d44d8e3470dac4f8f9bd866c70e?version=3.16.5",
    "refresher": "https://svelte.dev/repl/3e6213ad7e664c4bafb901c16a2434fe?version=3.16.5",
    "reorder": "https://svelte.dev/repl/7b84e593c6364c8ca74327d709f640ff?version=3.16.5",
    "searchbar": "https://svelte.dev/repl/ece6c17938d44ed6a95b4c1976bd5d59?version=3.16.5",
    "segment": "https://svelte.dev/repl/460f38afd8204cfca4bcdb310b793c68?version=3.16.5",
    "select": "https://svelte.dev/repl/c6e72d4db2d24175bb73717686dec614?version=3.16.5",
    "skeleton": "https://svelte.dev/repl/2680695b315f43749909ff79ca5da90d?version=3.16.5",
    "slides": "https://svelte.dev/repl/82c2033f5fb343c5b299cb99ab32e8ab?version=3.16.5",
    "spinner": "https://svelte.dev/repl/89715e8ba65d47edbde224e33598f1d3?version=3.16.5",
    "text": "https://svelte.dev/repl/c1dc6a91601d427995d68cc25a782e2f?version=3.16.5",
    "thumbnails": "https://svelte.dev/repl/0576a69392f948eabcb29f2cf8f244eb?version=3.16.5",
    "toggle": "https://svelte.dev/repl/48af603d6363480f901e214a7532fa25?version=3.16.5",
    "toolbar": "https://svelte.dev/repl/84d8a747b1b84b28bc74259a110ac9c4?version=3.16.5",
    "movies": "https://svelte.dev/repl/8a03c4f333154aa089a32e16f6747a14?version=3.16.5",
    "tabs": "https://svelte.dev/repl/8a03c4f333154aa089a32e16f6747a14?version=3.16.5",
    "games": "https://svelte.dev/repl/8a03c4f333154aa089a32e16f6747a14?version=3.16.5",
    "pane": "https://svelte.dev/repl/58beca53ccf14ace80777f47262a4cfa?version=3.16.7",
    "splash": "https://www.youtube.com/watch?v=QTmkibc3WcI"
}